<?xml version='1.0' standalone='yes'?>
<componentData>
  <component>
    <componentBaseName>matlab_license</componentBaseName>
    <componentFileName>matlab_license_common_1421275610.enc</componentFileName>
    <componentName>matlab_license_common</componentName>
    <componentVersion>1421275610</componentVersion>
    <locale></locale>
    <numFiles>1</numFiles>
    <platformList>
      <platform>glnxa64</platform>
      <platform>maci64</platform>
      <platform>win32</platform>
      <platform>win64</platform>
    </platformList>
    <releaseFamily>R2015a</releaseFamily>
    <size>25532</size>
    <type></type>
    <uncompressedBytes>84221</uncompressedBytes>
  </component>
</componentData>
