<?xml version='1.0' standalone='yes'?>
<componentData>
  <component>
    <componentBaseName>3p/flexnet</componentBaseName>
    <componentFileName>3p/flexnet_glnxa64_1419893821.enc</componentFileName>
    <componentName>3p/flexnet_glnxa64</componentName>
    <componentVersion>1419893821</componentVersion>
    <locale></locale>
    <numFiles>3</numFiles>
    <platformList>
      <platform>glnxa64</platform>
    </platformList>
    <releaseFamily>R2015a</releaseFamily>
    <size>1965751</size>
    <type></type>
    <uncompressedBytes>5083192</uncompressedBytes>
  </component>
</componentData>
