<?xml version='1.0' standalone='yes'?>
<componentData>
  <component>
    <componentBaseName>3p/flexnet</componentBaseName>
    <componentFileName>3p/flexnet_common_1419893820.enc</componentFileName>
    <componentName>3p/flexnet_common</componentName>
    <componentVersion>1419893820</componentVersion>
    <locale></locale>
    <numFiles>1</numFiles>
    <platformList>
      <platform>glnxa64</platform>
      <platform>maci64</platform>
      <platform>win32</platform>
      <platform>win64</platform>
    </platformList>
    <releaseFamily>R2015a</releaseFamily>
    <size>1386049</size>
    <type></type>
    <uncompressedBytes>2033206</uncompressedBytes>
  </component>
</componentData>
