<?xml version='1.0' standalone='yes'?>
<componentData>
  <component>
    <componentBaseName>bin_utils</componentBaseName>
    <componentFileName>bin_utils_glnxa64_1419893860.enc</componentFileName>
    <componentName>bin_utils_glnxa64</componentName>
    <componentVersion>1419893860</componentVersion>
    <locale></locale>
    <numFiles>1</numFiles>
    <platformList>
      <platform>glnxa64</platform>
    </platformList>
    <releaseFamily>R2015a</releaseFamily>
    <size>2466</size>
    <type></type>
    <uncompressedBytes>7544</uncompressedBytes>
  </component>
</componentData>
