<?xml version='1.0' standalone='yes'?>
<componentData>
  <component>
    <componentBaseName>gcc_runtime</componentBaseName>
    <componentFileName>gcc_runtime_glnxa64_1419893848.enc</componentFileName>
    <componentName>gcc_runtime_glnxa64</componentName>
    <componentVersion>1419893848</componentVersion>
    <locale></locale>
    <numFiles>8</numFiles>
    <platformList>
      <platform>glnxa64</platform>
    </platformList>
    <releaseFamily>R2015a</releaseFamily>
    <size>3834098</size>
    <type></type>
    <uncompressedBytes>13545279</uncompressedBytes>
  </component>
</componentData>
