<?xml version='1.0' standalone='yes'?>
<componentData>
  <component>
    <componentBaseName>license_manager</componentBaseName>
    <componentFileName>license_manager_glnxa64_1419898691.enc</componentFileName>
    <componentName>license_manager_glnxa64</componentName>
    <componentVersion>1419898691</componentVersion>
    <locale></locale>
    <numFiles>26</numFiles>
    <platformList>
      <platform>glnxa64</platform>
    </platformList>
    <releaseFamily>R2015a</releaseFamily>
    <size>7609671</size>
    <type></type>
    <uncompressedBytes>18771345</uncompressedBytes>
  </component>
</componentData>
