<?xml version='1.0' standalone='yes'?>
<contents>
  <componentFiles>gcc_runtime_glnxa64_1419893848.enc</componentFiles>
  <componentFiles>3p/flexnet_glnxa64_1419893821.enc</componentFiles>
  <componentFiles>bin_utils_glnxa64_1419893860.enc</componentFiles>
  <componentFiles>license_manager_glnxa64_1419898691.enc</componentFiles>
  <definitions>gcc_runtime_glnxa64_1419893848.xml</definitions>
  <definitions>3p/flexnet_glnxa64_1419893821.xml</definitions>
  <definitions>bin_utils_glnxa64_1419893860.xml</definitions>
  <definitions>license_manager_glnxa64_1419898691.xml</definitions>
  <definitions>productdata_License_Manager111112_glnxa64.xml</definitions>
</contents>
