<?xml version='1.0' standalone='yes'?>
<productAdditionalComps>
  <dependsOn>
    <component>
      <name>gcc_runtime_glnxa64</name>
      <locale></locale>
      <platformList>
        <platform>glnxa64</platform>
      </platformList>
      <version>1419893848</version>
    </component>
    <component>
      <name>3p/flexnet_glnxa64</name>
      <locale></locale>
      <platformList>
        <platform>glnxa64</platform>
      </platformList>
      <version>1419893821</version>
    </component>
    <component>
      <name>bin_utils_glnxa64</name>
      <locale></locale>
      <platformList>
        <platform>glnxa64</platform>
      </platformList>
      <version>1419893860</version>
    </component>
    <component>
      <name>license_manager_glnxa64</name>
      <locale></locale>
      <platformList>
        <platform>glnxa64</platform>
      </platformList>
      <version>1419898691</version>
    </component>
  </dependsOn>
  <isControllingProduct>false</isControllingProduct>
  <platform>glnxa64</platform>
  <productBaseCode></productBaseCode>
  <productName>License Manager</productName>
  <productNumber>0</productNumber>
  <productVersion>11.11.1.2</productVersion>
  <releaseDescription>R2015a</releaseDescription>
  <releaseFamily>R2015a</releaseFamily>
</productAdditionalComps>
